category,serial,title,composer,arranger,lyrics,translator,language,voicing,with_boys,accompanied,instruments,music_present,original_piece,recording_link,comments
א,1,ריח תפוח אודם שני (שובי ציפורת),נחום היימן,גיל אלדמע,יום טהר-לב,,עיברית,SSA,FALSE,None,,TRUE,FALSE,https://youtu.be/4DMaTXz2fZU?si=JKFFX1Kz8bqoou0C,
א,2,מנהג חדש,נעמי שמר,ש. ארד,חיים נחמן ביאלית,,עיברית,SSA,FALSE,None,,TRUE,FALSE,,
א,3,מקום שם ארזים,אנונימי,יצחק אדל,אנונימי,,עיברית,SSA,FALSE,None,,TRUE,FALSE,,
א,4,קצת לפני החורף (ריח קלמנטינות),חיים ברקני,פנינה ענבר,י. גמזו,,עיברית,SSA,FALSE,Optional,כלי הרמוני,TRUE,FALSE,,
א,5,ביתי אל מול גולן,חיים ברקני,,י. נצר,,עיברית,SSA,FALSE,None,,TRUE,FALSE,,
א,6,אם אשכחך (ציון תמתי),אנונימי,דב כרמל,אנונימי,,עיברית,SSA,FALSE,None,,TRUE,FALSE,,
א,7,פירות חמישה עשר,נעמי שמר,גיל אלדמע,נעמי שמר,,עיברית,SSA,FALSE,None,,TRUE,FALSE,,
א,8,לך למדבר,סשה ארגוב,גיל אלדמע,חיים חפר,,עיברית,SSA,FALSE,None,,TRUE,FALSE,,
א,9,,,,,,,,,,,,,,
א,10,הבו לנו יין,מתתיהו שלם,גיל אלדמע,מתתיהו שלם,,עיברית,SSA,FALSE,None,,TRUE,FALSE,,
א,11,חלום / תחת זיו כוכבי שמיים,ניסים נסימוב,,יצחק קצנלסון,,עיברית,SA,FALSE,None,,TRUE,FALSE,,
א,12,אלעד ירד מהירדן,אברהם זיגמן,דניאל סמבורסקי,אברהם זיגמן,,עיברית,SSA,FALSE,None,,TRUE,FALSE,,
א,13,אילו ציפורים,Jean-Pierre Calvet,ג. דיאמנט,Jean Broussolle,נעמי שמר,עיברית,SSA,FALSE,None,,TRUE,FALSE,,
א,14,כנרת (שם הרי גולן),נעמי שמר,יקותיאל שער,נעמי שמר,,עיברית,SSA,FALSE,None,,TRUE,FALSE,,
א,15,עוד אזכור,גילה גלבוע,,נתן יונתן,,עיברית,SSA,FALSE,None,,TRUE,TRUE,,
א,16,שושנה,אנונימי,א. צונזר,חיים חפר,,עיברית,SSA,FALSE,None,,TRUE,FALSE,,
א,17,מקהלה עליזה,נוריתת הירש,גיל אלדמע,לאה נאור,,עיברית,SSA,FALSE,None,,TRUE,FALSE,,
א,18,מחול הנערה,י. שגיא,מאיר מינדל,מ. גליל,,עיברית,SA,FALSE,None,,TRUE,FALSE,,
א,19,שיעור מולדת,אפרים שמיר,גיל אלדמע,עלי מוהר,,עיברית,SSA,FALSE,None,,TRUE,FALSE,,
א,20,,,,,,,,,,,,,,
א,21,אומרים ישנה  ארץ,נעמי שמר,גיל אלדמע,שאול טשרניחובסקי,,עיברית,SSA,FALSE,None,,TRUE,FALSE,,
א,22,אני לדודי,עזרא גבאי,גיל אלדמע,שיר השירים,,עיברית,SA,FALSE,None,,TRUE,FALSE,,
א,23,שיר המעלות,מיכאל דוד לוי,,"תהילים קכ""ו",,עיברית,SSA,FALSE,None,,TRUE,FALSE,,
א,24,סוסים,יואל אנגל,יחזקאל בראון,יחיאל הלפרין,,עיברית,SSA,FALSE,TRUE,"חלילית סופרן, חלילית אלט, משולש, מצלתיים, תיבת עץ",TRUE,FALSE,,
א,25,שבת (חופי ירדן מלא זהר יום),יקותיאל שור,,רחל,,עיברית,SSA,FALSE,None,,TRUE,FALSE,,
א,26,מה אומרות עיניך,מרדכי זעירא,יהודית חן,יצחק שנהר,,עיברית,SSA,FALSE,None,,TRUE,TRUE,,
א,27,ציפור הדרור,חיים אלכסנדר,,רינה ליטוין,,עיברית,SSA,FALSE,None,,TRUE,TRUE,,
א,28,מה לעשות,חיים אלכסנדר,,זאב,,עיברית,SSA + Solo,FALSE,None,,TRUE,TRUE,,
א,29,דחליל מסכן,חיים אלכסנדר,,אברהם ברוידס,,עיברית,SSA,FALSE,None,,TRUE,TRUE,,
א,30,שלכת,ינון נאמן,ר. כוכבי,א.בקר,,עיברית,SSA,FALSE,None,,TRUE,FALSE,,
א,31,אשרי אדם,פאול בן חיים,,משלי ג',,עיברית,SA,FALSE,TRUE,כלי,TRUE,FALSE,,
א,32,יוסי ילד שלי מוצלח,סשה ארגוב,גיל אלדמע,ע. הלל,,עיברית,SSA,FALSE,None,,TRUE,FALSE,,
א,33,איך המציאו את הטוש,משה רסיוק,,אפרים סידון,,עיברית,SSA,FALSE,None,,TRUE,TRUE,,
א,34,כאלה חיים שעשיתי ,גילה גלבוע,,יהודה אטלס,,עיברית,SSA,FALSE,None,,TRUE,TRUE,,
א,35,מוכרת פרחים קטנה,"אהרון חרל""פ",,נתן יונתן,,עיברית,SSA,FALSE,None,,TRUE,FALSE,,
א,36,הד (זכור אזכור מעברים),מ. שתל,,רחל,,עיברית,SSA,FALSE,None,,TRUE,FALSE,,
א,37,אחד מרגבי השדה,חיים אהוביה,חיים ברקני,,,עיברית,SSA,FALSE,None,,TRUE,FALSE,,
א,38,החיטה צומחת שוב (ג. אלדמע),חיים ברקני,גיל אלדמע,דורית צמרת,,עיברית,SSA,FALSE,None,,TRUE,FALSE,,
א,39,נומי נומי,יואל אנגל,גיל אלדמע,יחיאל הלפרין,,עיברית,SSA,FALSE,None,,TRUE,FALSE,,
א,40,ויקום יונה,גילה גלבוע,,יונה ג',,עיברית,SSAA ,FALSE,None,,TRUE,TRUE,,
א,41,סובבוני,מרדכי זעירא,יצחק אדל,יעקב אורלנד,,עיברית,SSA ,FALSE,None,,TRUE,FALSE,,
א,42,שיר השירים (חד קולי),אנונימי,,שיר השירים א',,עיברית,Unison,FALSE,None,,TRUE,FALSE,,
א,43,שימי ידך,אנונימי,בוניה שור,אנונימי,,עיברית,SSA,FALSE,None,,TRUE,FALSE,,
א,44,שלום עליכם (אלדמע),אנונימי,גיל אלדמע,מן התפילה,,עיברית,SAB,TRUE,None,,TRUE,FALSE,,
א,45,אלף מרכבות,אורה זיטנר,,נורית זרחי,,עיברית,SSA,FALSE,None,,TRUE,FALSE,,
א,46,שבת (תלם אחרון),נחום היימן,אורי גבעון,נתן יונתן,,עיברית,SAB,TRUE,None,,TRUE,FALSE,,
א,47,בוא אליי פרפר נחמד,דתיה בן דור,משה רסיוק,פניה ברגשטיין,,עיברית,SSA,FALSE,None,,TRUE,FALSE,,
א,48,עוד שדי פורח (זהבי-אלדמע),דוד זהבי,גיל אלדמע,פניה ברגשטיין,,עיברית,SA,FALSE,None,,TRUE,FALSE,,
א,49,אורחה במדבר,דוד זהבי,אורי גבעון,י. פיכמן,,עברית,SAB,TRUE,None,,TRUE,FALSE,,
א,50,על כל אלה,נעמי שמר,גיל אלדמע,נעמי שמר,,עיברית,SAA,FALSE,None,,TRUE,FALSE,,
א,51,ההד (סרוסי),ראובן סרוסי,,אנטואן דה סנט-אקזופרי,אריה לרנר,עיברית,SSMMAA + 4 Soli,FALSE,None,,TRUE,TRUE,,
א,52,חניתה (לברי),מרק לברי,ש. שלום,,,עיברית,SSA,FALSE,None,,TRUE,FALSE,,
א,53,שיר ערש לצבעים,נעמי שמר,פנינה ענבר,נעמי שמר,,עיברית,SAT,TRUE,None,,TRUE,FALSE,,
א,54,מול חלון ביתנו,דוד שני,גיל אלדמע,לאה גולדברג,,עיברית,SSA,FALSE,None,,TRUE,FALSE,,
א,55,אור,נעמי שמר,גיל אלדמע,נעמי שמר,,עיברית,SSA,FALSE,None,,TRUE,FALSE,,
א,56,העיירה בוערת,,,,,עיברית,,,,,,,,
א,57,החופש הגדול,יחזקאל בראון,,ע. הלל,,עיברית,SSA,FALSE,TRUE,"כלי, כלי",TRUE,FALSE,,
א,58,שיר ערש (נומי נומי בת קטנטונת),אנונימי,יחזקאל בראון,אנונימי,,עיברית,SSA,FALSE,TRUE,"חלילית סופרן, חלילית אלט",TRUE,FALSE,,
א,59,רכב אש,נעמי שמר,מל קלר,נעמי שמר,,עיברית,SAB,TRUE,None,,TRUE,FALSE,,
א,60,אדמה אפורה,ש. תרצה,מאיר מינדל,מאיר מינדל,,עיברית,SAB,TRUE,None,,TRUE,FALSE,,
א,61,אור ירושלים,י. שריג,דב כרמל,י. שריג,,עיברית,SATB,TRUE,TRUE,גיטרה,TRUE,FALSE,,
א,62,שיר היונה,מתי כספי,גיל אלדמע,שמרית אור,,עיברית,SSA,FALSE,None,,TRUE,FALSE,,
א,63,גשם גשם,יואל אנגל,גיל אלדמע,יחיאל הלפרין,,עיברית,SSA,FALSE,None,,TRUE,FALSE,,
א,64,בארץ אהבתי,מוני אמריליו,יהודה אנגל,לאה גולדברג,,עיברית,SAB,TRUE,None,,TRUE,FALSE,,
א,65,אספרסיוני מוזיקלי,מרי אבן-אור,,מרי אבן אור,,איטלקית,SSSAA,FALSE,None,,TRUE,FALSE,,
א,66,שבת המלכה (יחזקאל בראון),יחזקאל בראון,,חיים נחמן ביאליק,,עיברית,SSA,FALSE,TRUE,פסנתר,TRUE,FALSE,,
א,67,הם בזמר הזה,סשה ארגוב,גיל אלדמע,קובי לוריא,,עיברית,SSA,FALSE,None,,TRUE,FALSE,,
א,68,צל ומי באר,לוי שער,גיל אלדמע,יורם טהר-לב,,עיברית,SSA,FALSE,None,,TRUE,FALSE,,
א,69,ההר הירוק תמיד,מוני אמריליו,מיכאל אהרוני,יורם טהר-לב,,עיברית,SAB,TRUE,None,,TRUE,FALSE,,
א,70,שיר השירים 90,מאיר מינדל,,שיר השירים,,עיברית,SSAB,TRUE,None,,TRUE,TRUE,,
א,71,שלום עליכם (מרי אבן אור),מרי אבן-אור,,מן התפילה,,עיברית,SSA,FALSE,None,,TRUE,FALSE,,
א,72,פרוכת,מרי אבן-אור,,אמנון שמוש,,עיברית,SSMMAA,FALSE,None,,TRUE,FALSE,,
א,73,מי ראה חלב רותח,אורי גבעון,,אנדה עמיר,,עיברית,SA,FALSE,None,,TRUE,FALSE,,
א,74,הניצנים (גבאי),עזרא גבאי,מ למפל,שיר השירים ,,עיברית,SAB,TRUE,None,,TRUE,FALSE,,
א,75,יפה נוף,ינון נאמן,גיל אלדמע,רבי יהודה הלוי,,עיברית,SA,FALSE,None,,TRUE,FALSE,,
א,76,רוח ממערב ,צבי אבני,,אנונימי,צבי אבני,עיברית,SATB / SSAA,TRUE,None,,TRUE,FALSE,,
א,77,הצילו ג'וק,משה זורמן,,נורית יובל,,עיברית,SSAB,TRUE,None,,TRUE,TRUE,,
א,78,ביום כינרת,משה זורמן,,עודד בורלא,,עיברית,SSAB,TRUE,None,,TRUE,TRUE,,
א,79,שיר הזבוב,משה זורמן,,עודד בורלא,,עיברית,SSAB,TRUE,TRUE,"שייקר, קלאווס",TRUE,TRUE,,
א,80,חג (ניבים דוברים אליי),יהודה אנגל,,רחל,,עיברית,SA,FALSE,None,,TRUE,FALSE,,
א,81,שירת העשבים,נעמי שמר,גיל אלדמע,רבי נחמן מברסלב,,עיברית,SA,FALSE,None,,TRUE,FALSE,,
א,82,שמש ,ראובן קז'ילוטי,,מרים ילן-שטקליס,,עיברית,SSAA + Solo,FALSE,None,,TRUE,FALSE,,
א,83, מתוך שיר השירים שחל?),שחל,,שיר השירים,,עיברית,SSA,FALSE,None,,TRUE,FALSE,,
א,84,שלום עליכם (גלבוע),גילה גלבוע,,מן התפילה,,עיברית,SAB,TRUE,None,,TRUE,FALSE,,
א,85,,,,,,,,,,,,,,
א,86,שקר לבן,מאיר מינדל,,מיכל מינדל-גרץ,,עיברית,SA,FALSE,None,,TRUE,FALSE,,
א,87,דרור יקרא (חד קולי),אנונימי,,דונש בן לברט,,עיברית,Unison,FALSE,None,,TRUE,FALSE,,
א,88,שני עמים (גלבוע),גילה גלבוע,,בראשית,,עיברית,SSAB,TRUE,None,,TRUE,TRUE,,
א,89,א מאל איז געווען א מעשה (ויזנברג),מנחם ויזנברג,,אנונימי,,יידיש,SSA,FALSE,None,,TRUE,FALSE,,
א,90,השבעתי אתכם,מרים שתל,,שיר השירים,,עיברית,SAB,TRUE,None,,TRUE,FALSE,,
א,91,עלייתו של אליהו השמיימה,מיכאל וולפה,,מלכים ב',,עיברית,SAB / SSAAB,TRUE,None,,TRUE,TRUE,,
א,92,שירת החליל ,מרדכי זעירא,מיכאל וולפה,יצחק שנהר,,עיברית,SAB,TRUE,TRUE,דרבוקה,TRUE,FALSE,,
א,93,3 שירי איציק מענגר,יחזקאל בראון,,איציק מאנגר,יעקב אורלנד,עיברית,SA,FALSE,TRUE,פסנתר,TRUE,FALSE,,
א,94,דצמבר,משה וילנסקי,מ. אהרוני,נתן אלתרמן,,עיברית,SAAB,TRUE,None,,TRUE,FALSE,,
א,95,הלכה מטריה,דינה סמורגונסקיה,,רינה ליטוין,,עיברית,SSAB,TRUE,TRUE,פסנתר,TRUE,FALSE,,
א,96,החיטה צומחת שוב (ד. מורס),חיים ברקני,דוד מורס,דורית צמרת,,עיברית,SSAA,FALSE,TRUE,,TRUE,FALSE,,
א,97,למדבר (ש. שהם),סשה ארגוב,שרה שהם,חיים חפר,,עיברית,SAB,TRUE,None,,TRUE,FALSE,,
א,98,שלום לך שלום,שלמה גורניך,אבי כהן טריקה,שלמה גרוניך,,עיברית,SABT,TRUE,None,,TRUE,FALSE,,
א,99,עם השחר,שרה לוי תנאי,פנינה ענבר,שרה לוי תנאי,,עיברית,SAB,TRUE,None,,TRUE,FALSE,,
א,100,שיר לשירה (לחן של א. בהט),אייל באט,,יהונתן גפן,,עיברית,SSA,FALSE,None,,TRUE,FALSE,,
א,101,"תהילים קי""ז (בראון)",יחזקאל בראון,,תהילים,,עיברית,SATB,TRUE,None,,TRUE,FALSE,,
א,102,מי ששר,מתי כספי,,אהוד מנור,,עיברית,Unison,FALSE,Obligato,פסנתר ,TRUE,FALSE,,
א,103,שמע ישראל,אריאל זילבר,ד. בן יוחנן,אהוד מנור,,עיברית,SSAA,FALSE,Obligato,פסנתר ,TRUE,FALSE,,
א,104,למדני אלוהי,משה רסיוק,,לאה גולדברג,,עיברית,SSA,FALSE,Obligato,פסנתר ,TRUE,FALSE,,
א,105,גן גורים,יזהר קרשון,,רפאל ספורטה,,עיברית,SSSAB,TRUE,None,,TRUE,TRUE,,
א,106,קשת לבנה,יוסף הדר,,ברוריה שוייצר,,עיברית,SAA,FALSE,None,,TRUE,FALSE,,
א,107,נומי נגה,נעמי שמר,רבקה ברומברג,נעמי שמר,,עיברית,SAB,TRUE,None,,TRUE,FALSE,,
א,108,ירושלים של זהב (ג. אלדמע),נעמי שמר,גיל אלדמע,נעמי שמר,,עיברית,SSAA,FALSE,Optional,כלי הרמוני,TRUE,FALSE,,
א,109,חליל מקנה סוף,נעמי שמר,צבי שרף,נעמי שמר,,עיברית,SAAB,TRUE,Obligato,חליל,TRUE,FALSE,,
א,110,תפילה (הליכה לקיסריה),דוד זהבי,,חנה סנש,,עיברית,SA,FALSE,None,,TRUE,FALSE,,
א,111,מכל פרחי מור,גיל אלדמע,,שאול טשרניחובסקי,,עיברית,SAB,TRUE,Optional,כלי הרמוני,TRUE,FALSE,,
א,112,גוליית,דני סנדרסון,שמעון סמית,"אלון אולארצ'יק, דני סנדרסון",,עיברית,SSAB,TRUE,None,,TRUE,TRUE,,
א,113,כי הנה הסתיו עבר (לחן ד.אילת),דפנה אילת,מרי אבן-אור,שיר השירים,,עיברית,SSA,FALSE,None,,TRUE,FALSE,,
א,114,צלילי שלי,אלה מילך-שריף,,חדווה רבינזון בכרך,,עיברית,SSA,FALSE,None,,TRUE,FALSE,,
א,115,אדון עולם,אוהד סטולרז',,מן התפילה,,עיברית,SAB,TRUE,None,,TRUE,FALSE,,
א,116,לילה טוב (צ.שרף),יוני רכטר,צבי שרף,יהונתן גפן,,עיברית,SSAAB,TRUE,Optional,גלוקנשפיל,TRUE,FALSE,,
א,117,על הרמפה,ס. גלמן-קיס,,יעקב ברזילי,,עיברית,SSA,FALSE,None,,TRUE,FALSE,,
א,118,בדרך לכבשנים,ס. גלמן-קיס,,יעקב ברזילי,,עיברית,SSA,FALSE,None,,TRUE,FALSE,,
א,119,ויכולו השמיים,גיל אלדמע,,בראשית,,עיברית,SSA,FALSE,None,,TRUE,FALSE,,
א,120,לילות לא שנת (יגל פלג),יגל פלג,,רחל,,עיברית,SSAB,TRUE,None,,?,TRUE,https://www.youtube.com/watch?v=5avU9wrylU8,
א,121,ככה סתם,סשה ארגוב,רחל גרוס,ע. הלל,,עיברית,SSAB,TRUE,None,,TRUE,FALSE,,
א,122,יש כוכבים,רותי שטראי,"רותי שטראי, יאן פריידלין",חנה סנש,,עיברית,SAB,TRUE,TRUE,פסנתר,TRUE,FALSE,,
א,123,,,,,,,,,,,,,,
א,124,נבל מים,יהודה שרת,,רחל,,עיברית,SA(T),TRUE,None,,TRUE,FALSE,,
א,125,שכב בני,אהרון חרטונוב,אנונימי,עמנואל הרוסי,,עיברית,SSA,FALSE,None,,TRUE,FALSE,,
א,126,לילה טוב (פ.ענבר) ,יוני רכטר,פנינה ענבר,יהונתן גפן,,עיברית,?,FALSE,None,,TRUE,FALSE,https://www.youtube.com/watch?v=5avU9wrylU8,
א,127,דוגית נוסעת,לב שוורץ,יבגני אוסלון,נתן יונתן,,עיברית,SSA,FALSE,None,,TRUE,FALSE,,
א,128,לו רק יכולתי,אדם יפרח,,יוסי בנאי,,עיברית,SSAA(B) + SSAA soli,TRUE,Obligato,פסנתר,TRUE,TRUE,,
א,129,המורה העיברי,עודד זהבי,,נתן אלתרמן,,עיברית,SSA,FALSE,Obligato,פסנתר,TRUE,FALSE,,
א,130,הסתיו עבר (ד.כרמל),דב כרמל,,שיר השירים,,עיברית,SSA,FALSE,None,,TRUE,FALSE,,
א,131,שירים לאורי,משה זורמן,,אלן אלכסנדר מילן,יעקב אורלנד,עיברית,SSAA+Solo / SSA,FALSE,None,,TRUE,FALSE,,
א,132,ירושלים של זהב (י. בראון),נעמי שמר,יחזקאל בראון,נעמי שמר,,עיברית,SSA,FALSE,Obligato,פסנתר,TRUE,FALSE,,
א,133,ילדה חמודה,גילה גלבוע,,יהודה אטלס,,עיברית,SA,FALSE,None,,TRUE,?,,
א,134,יש אי שם,יוני רכטר,גיל אלדמע,"יוני רכטר, ענת גוב",,עיברית,SAB,TRUE,Optional,כלי הרמוני,TRUE,FALSE,,
א,135,רעמים וברקים,דויד ברוזה,אהובה טננבאום,יהונתן גפן,,עיברית,SSA,FALSE,Optional,כלי הרמוני,TRUE,FALSE,,
א,136,עוד שדי פורח (ש. שהם),דוד זהבי,שרה שוהם,פניה ברגשטיין,,עיברית,SAB,TRUE,None,,TRUE,FALSE,,
א,137,שחקי שחקי,אנונימי,משה זורמן,שאול טשרניחובסקי,,עיברית,SSA,FALSE,Obligato,פסנתר,TURE,FALSE,,
א,138,הקיוסק,יהונתן דוד,,אגי משעול,,עיברית,SSAB,TRUE,Optional,צלופן,TRUE,TRUE,,
א,139,הזית בגן העיר,מאיר מינדל,,אבנר טריינין,,עיברית,SSAA,FALSE,None,,TRUE,FALSE,,
א,140,ענן,מאיר מינדל,,אבנר טריינין,,עיברית,SSAB + Solo,TRUE,Obligato,"גיטרה, צ'לו, חלילה צד",TRUE,FALSE,,
א,141,לילה לילה,מרדכי זעירא,ארנון מרוז,נתן אלתרמן,,עיברית,SSA,FALSE,None,,TRUE,FALSE,,
א,142,אין לי ארץ אחרת,קורין אלאל,גיל אלדמע,אהוד מנור,,עיברית,SAA,FALSE,None,,TRUE,FALSE,,
ב,1,שפעת פרחים,johann herman schein,,אנונימי,יוסף אחאי,עיברית,SSA,FALSE,None,,TRUE,FALSE,,
ב,2,מנגינה עתיקה,אנונימי,,אנונימי,אנונימי,עיברית,SSA,FALSE,None,,TRUE,FALSE,,
ב,3,איש אחד לו יבוא נא,Orazio Vecchi,,אנונימי,אפרים דרור,עיברית,SSA,FALSE,None,,TRUE,FALSE,,
ב,4,נטה היום,Luca Marenzio,,אנונימי,יהודה שרת,עיברית,SSA,FALSE,None,,TRUE,FALSE,,
ב,5,עיניים,Luca Marenzio,,אנונימי,יוסף אחאי,עיברית,SAB,TRUE,None,,TRUE,FALSE,,
ב,6,ציפור בודדה,אנונימי,גרשון פרנסקי,אנונימי,יוסף אחאי,עיברית,SSA,FALSE,None,,TRUE,FALSE,,
ב,7,ככל שגלי פרע,Valentin Haussmann,,Valentin Haussmann,אנונימי,עיברית,SSA,FALSE,None,,TRUE,FALSE,,
ב,8,רטט עובר על פני הגן /Springtime,Thomas Morley,,אנונימי,אורי גבעון,אנגלית,SAB,TRUE,None,,TRUE,FALSE,,
ב,9,Confitemini Domini,Alessandro Constantini,,תהילים,,לטינית,SSA,FALSE,None,,TRUE,FALSE,,
ב,10,ליאור / Mignonne,Guillaume Costeley,,Pierre de Ronsard,יהודה שרת,צרפתית,SSA,FALSE,None,,TRUE,FALSE,,
ב,11,בירח מאי / Ce moys de may,Clement Janequin,Maruerite Henault,אנונימי,יוסף אחאי,צרפתית,SSA,FALSE,None,,TRUE,FALSE,,
ב,12,Now is the month of maying,Thomas Morley,Reginald Jaque,	Michael Drayton,יוסף אחאי,אנגלית,SSA,FALSE,None,,TRUE,FALSE,,
ב,13,ברכו,Salomone Rossi,,מן התפילה,,עיברית,SAB,TRUE,None,,TRUE,FALSE,,
ב,14,על נהרות בבל,Benedict Ducis,,תהילים,אהרון אשמן,עיברית,SAT,TRUE,None,,TRUE,FALSE,,
ב,15,Ipsa te cogat,Orlando di Lasso,,מן התפילה הנוצרית,אנונימי,לטינית,SA,FALSE,None,,TRUE,FALSE,,
ב,16,יפה כבוקר צח מעב,John Wilbye,,אנונימי,ראובן ירון,עיברית,SAB,TRUE,None,,TRUE,FALSE,,
ב,17,עסיס אשכול,Paul Rivande,,אנונימי,יוסף אחאי,עיברית,SAB,TRUE,None,,TRUE,FALSE,,
ב,18,Non voglio piu servire,Salomone Rossi,,אנונימי,יעקב(?) כהן,איטלקית,SAB,TRUE,None,,TRUE,FALSE,,
ב,19,Come sirrah Jack ho,Thomas Weelkes,,אנונימי,,אנגלית,SAB,TRUE,None,,TRUE,FALSE,,
ב,20,קנון קיץ (בואו רעיי),Henry Purcell,,אנונימי,יצחק דרור,עיברית,Canon,FALSE,None,,TRUE,FALSE,,
ב,21,Non nobis domine,William Byrd,,תהילים,,לטינית,SAB,TRUE,None,,TRUE,FALSE,,
ב,22,שיר אביב,אנונימי,,Karl Strose,הנרי קלאוזנר,עיברית,SAB,TRUE,None,,TRUE,FALSE,,
ב,23,Do you not know?,Thomas Morley,,אנונימי,,אנגלית,SAB,TRUE,None,,TRUE,FALSE,,
ב,24,אלוהים השיבנו,Salomone Rossi,,תהילים,,עיברית,SATB,TRUE,None,,TRUE,FALSE,,
ב,25,a round of three country dances in one,Thomas Ravencroft,,אנונימי,,אנגלית,SATB,TRUE,None,,TRUE,FALSE,,
ב,26, Eco,Orlando di Lasso,,אנונימי,,איטלקית,SATBSATB,TRUE,None,,TRUE,FALSE,,
ב,27,טעות מספור,,,,,,,,,,,,,
ב,28,קנון (ללא מילים),Giovanni Giacomo Gastoldi,,,,ווקליזה,Canon,FALSE,None,,TRUE,FALSE,,
ב,29,?,,,,,,,,,,,,,
ב,30,הללויה,Andrea Gabrieli,,,,עיברית,SATB,TRUE,None,,TRUE,FALSE,,
ב,31,madonna io mi consummo,Constanzo Festa,,אנונימי,,איטלקית,SSA,FALSE,None,,TRUE,FALSE,,
ב,32, tourdion יין עת שותה אני,אנונימי,,Cesar Geoffray,אפרים דרור,עיברית,SATB,TRUE,None,,TRUE,FALSE,,
ב,33,la pastorella mia,Jacques Arcadelt,,אנונימי,,איטלקית,SSA,FALSE,None,,TRUE,FALSE,,
ב,34,amatemi ben mio,Luca Marenzio,,אנונימי,,איטלקית,SSA,FALSE,None,,TRUE,FALSE,,
ב,35,Greensleeves,אנונימי,Jean Baptiste Voinet,אנונימי,,אנגלית,SAT,TRUE,None,,TRUE,FALSE,,
ב,36,Cor meum,Orlando di Lasso,,תהילים,,לטינית,SSA,FALSE,None,,TRUE,FALSE,,
ב,37,sweet nymph come to thy lover,Thomas Morley,,אנונימי,,אנגלית,SA,FALSE,None,,TRUE,FALSE,,
ב,38,Shepherd shepherd (king arthur),Henry Purcell,,John Dryden,,אנגלית,SA,FALSE,Obligato,"באסו קונטינואו, חלילית, חלילית",TRUE,FALSE,,
ב,39,Tutte le Vecchie,Giovan Thomaso di Maio,,אנונימי,,נפוליטנית,SAB,TRUE,None,,TRUE,FALSE,,
ג,1, Hebe deine Augen auf,Felix Mendelssohn Bartholdy,,Julius Schubring, אהרון אשמן,גרמנית / עיברית,SSA,FALSE,None,,TRUE,FALSE,,
ג,2,הנה עולה ירח,אנונימי,אנונימי,אנונימי,אנונימי,עיברית,SSA,FALSE,None,,TRUE,FALSE,,
ג,3,The Alphabet,Wolfgang Amadeus Mozart,Carl Deis,,,אנגלית,SSA,FALSE,None,,TRUE,FALSE,,
ג,4,מזגו לי כוס יין (D.427),Franz Schubert,,Ludwig Heinrich Christoph Hölty,ארנון מגן,עיברית,SSA,FALSE,None,,TRUE,FALSE,,
ג,5,שיר ערש לזבו הקטן / la berceuse du petit Zebu,Nino,,Jacques Ibert,חוה לביא,עיברית / צרפתית,SSA,FALSE,None,,TRUE,FALSE,,
ג,6,Bourree (bach swingle),Johann Sebastian Bach,Bennet Williams,,,ווקאליזה,SSA,FALSE,Optional,"בס, סנר",TRUE,FALSE,,
ג,7,Herbstlied,Felix Mendelssohn Bartholdy,,Karl Klingemann,אנונימי,גרמנית / עיברית,SA,FALSE,Obligato,פסנתר,TRUE,FALSE,,
ג,8,Heilig ist der Herr,Franz Schubert,אנונימי,Johann Philipp Neumann,,גרמנית,SSAA,FALSE,None,,TRUE,FALSE,,
ג,9,Singt dem herrn ein neues Lied,George Frideric Handel,אנונימי,Thomas Morell,Renate Krokisius,גרמנית,SS(A),FALSE,None,,TRUE,FALSE,,
ג,10,Domine Deus,Johann Sebastian Bach,,מהתפילה הנוצרית,,לטינית,SA,FALSE,Obligato,"פסנתר, כינור",TRUE,FALSE,,
ג,11,Piu non Si Trovano,Wolfgang Amadeus Mozart,,Pietro Metastasio,,איטלקית,SAB,TRUE,Obligato,פסנתר,TRUE,FALSE,,
ג,12,The Lord is a mighty God,Felix Mendelssohn Bartholdy,Olaf C Christiansen,תהילים צה,,אנגלית,SB,TRUE,Obligato,פסנתר,TRUE,FALSE,,
ג,13,הללויה / כי רד היום,Philip Hayes / אנון,,אנונימי,יהודה שרת,עיברית,Canon,FALSE,None,,TRUE,FALSE,,
ג,14,למה זה תישא עינך,Joseph Haydn,,Magnus Gottfried Lichtwer,יהודה שרת,עיברית,Canon,FALSE,None,,TRUE,FALSE,,
ג,15,באופל ליל עיני אשא,Luigi Cherubini,,Pietro Metastasio,יהודה שרת,,Canon,FALSE,None,,TRUE,FALSE,,
ג,16,Jesu meine Freude + Gute nacht,Johann Sebastian Bach,,"האיגרת אל הרומאים 8, כוראל Johann Franck",,גרמנית,SATB / SSAT,TRUE,Obligato,באסו קונטינואו,TRUE,FALSE,,
ג,17,אומן ושוליה,Carl Friedrich Zelter,,Johann Konrad Grübel,אהרון אשמן,עיברית,SAB,TRUE,None,,TRUE,FALSE,,
ג,18,Stabat Mater,Giovanni Battista Pergolesi,,המנון מהמאה ה-13,,לטינית,SA,FALSE,Obligato,פסנתר,TRUE,FALSE,,
ג,19,Faure Requiem,Gabriel Faure,Desmond Ratcliffe,תפילת אשכבה נוצרית,,לטינית,SSA,FALSE,Obligato,פסנתר,TRUE,FALSE,,עיבוד לקולות שווים
ג,20,הוי רועה!,Henry Purcell,        John Dryden,        John Dryden,יהודה שרת,עיברית,SSB,TRUE,,,TRUE,FALSE,,
ג,21,Concert Vocalise,ל. הייוורד,,,,ווקאליזה,SAB,TRUE,,,TRUE,FALSE,,
ג,22,cantate domino - canon,Paul Ernst Ruppel,,תהילים צה,,לטינית,Canon,FALSE,None,,TRUE,FALSE,,מבוסס על יצירה בשם דומה של דיטריך בוקסטהודה (ג 28)
ג,23,שיר סתיו,Karl Marx ,,Hermann Claudius,יוסף אחאי,עיברית,SAB,TRUE,None,,TRUE,FALSE,,
ג,24,messa bassa,Gabriel Faure,,מהתפילה הנוצרית,,לטינית,SSAA,FALSE,Obligato,פסנתר,TRUE,FALSE,,
ג,25,Et misericordia - magnificat,Johann Sebastian Bach,,מזמור נוצרי (הבשורה לפי לוקאס),,לטינית,ST(A),TRUE,Obligato,פסנתר,TRUE,FALSE,,
ג,26,הללויה (משיח),George Frideric Handel,,חזון יוחנן,אהרון אשמן,עיברית,SATB,TRUE,None,,TRUE,FALSE,,לא מועבד בשום צורה כדי לחפות על המחסור בליווי. מופיעות תיבות ריקות. כנרא המיועד לביצוע עם הליווי המקורי
ג,27,"תהילים כ""ו",Joseph Haydn,, James Merrick,,אנגלית,SAB,TRUE,None,,TRUE,FALSE,,תרגום למשקל שירתי של פרק תהילים. לא התרגום המקובל לאנגלית
ג,28,Cantate domino ,Dieterich Buxtehude,,תהילים ,,לטינית,SAB,TRUE,Obligato,באסו קונטינואו,TRUE,FALSE,,
ג,29,Es schlagen,George Frideric Handel,Sigurd Klaua, Nicola Francesco Haym,Dagmar Fiedler,גרמנית,SSA,FALSE,Obligato,פסנתר,TRUE,FALSE,,"עיבוד ותרגום של המקהלה האחרונה מתוך ""יוליוס קיסר במצרים"" לגרמנית ולקולות שווים"
ג,30,Jubilate Deo,,,,,,,,,,FALSE,FALSE,,
ג,31,Lied,,,,,,,,,,FALSE,FALSE,,
ג,32,messa bassa,,,,,,,,,,FALSE,FALSE,,
ג,33,Sanctus,Wolfgang Amadeus Mozart,,,,,,,,,FALSE,FALSE,,
ג,34,cantique de jean racine,Gabriel Faure,אנונימי,Jean Racine,,צרפתית,SSA/SATB,TRUE,Obligato,פסנתר,TRUE,FALSE,,
ג,35,מה תשוחחי נפשי / עורי עורי לבשי עזך,Luigi Cherubini \ Joseph Haydn,,אנונימי,יהודה שרת,עיברית,Canon,FALSE,None,,TRUE,FALSE,,"קונטרפקטות עם פסוקים מהמקורות ע""י יהודה שרת"
ג,36,מזמורי ציצסטר - פרק 2,Leonard Bernstein,,תהילים,,עיברית,SA + Solo,FALSE,Obligato,פסנתר,TRUE,FALSE,,"תמיד ביצענו רק עד כניסת הגברים, ללא."
ג,37,Luci care,Wolfgang Amadeus Mozart,,אנונימי,,איטלקית,SAB,TRUE,Obligato,פסנתר,TRUE,FALSE,,
ג,38,תפוח אדמה ,Johann Rudolf Zumsteeg,,Matthias Claudius,אפרים דרור,עיברית,SAB,TRUE,None,,TRUE,FALSE,,
ג,39,Quano nascette ninno ,St. Alfonso de Liguori,Adriano(?) Popolani,St. Alfonso de Liguori,,נפוליטנית,SATB,TRUE,None,,TRUE,FALSE,,
ג,40,מקהלת הילדים מכרמן,Georges Bizet,,"Henri Meilhac, Ludovic Halévy",,צרפתית,Unison,FALSE,Obligato,פסנתר,TRUE,FALSE,,
ג,41,הודו לסולטן / ציפור רננים,Friedrich Daniel Rudolf Kuhlau / אנונימי,,August von Kotzebue \ אנונימי,יצחק כפכפי / מרים לוין-גרוס,עיברית,Canon,FALSE,None,,TRUE,FALSE,,
ג,42,Standchen,Franz Schubert,אנונימי, Ludwig Rellstab,,גרמנית,SSA,FALSE,Obligato,פסנתר,FALSE,FALSE,,
ג,43,sebben crudele ,Antonio Caldara,?,אנונימי,,איטלקית,SA,FALSE,Obligato,פסנתר,TRUE,FALSE,,
ג,44,in dulci Jubilo,Dieterich Buxtehude,,Heinrich Suso,,גרמנית & לטינית,SAB,TRUE,Obligato,פסנתר,TRUE,FALSE,,
ג,45,"Jerusalem, die du todtest ",Christoph Bernhard,,"הבשורה עפ""י מתי",,גרמנית,SAB,TRUE,Obligato,באסו קונטינואו,TRUE,FALSE,,
ג,46,Jesus bleibet meine freude (147),Johann Sebastian Bach,,Martin Janus,,גרמנית,SATB,TRUE,Obligato,"באסו קונטינואו, כינור  כינור צ'לו",TRUE,FALSE,,
ג,47,Nigra Sum,Pablo Casals,,שירים השירים,,לטינית,SA,FALSE,Obligato,פסנתר,TRUE,FALSE,,
ג,48,al canto del cucu,אנונימי,Hermann Wunsch,אנונימי,,איטלקית,SSA,FALSE,None,,TRUE,FALSE,,שיר עם מקנטון Ticino שוויץ.
ג,49,מתוך הנזל וגרטל,Engelbert Humperdinck,Bryceson Teharne,Adelheid Wette,"Constance Bache, Willis Wager",אנגלית,SSA,FALSE,Obligato,פסנתר,TRUE,FALSE,,
ג,50,Lacrimoso,Wolfgang Amadeus Mozart,,,,איטלקית,Canon,FALSE,None,,TRUE,FALSE,,
ג,51,Romancero de Ninos,Camilo Matta,,Antonio Esteban Aguero,,ספרדית,SSA,FALSE,Optional,"כלי הרמוני,קלאווס",TRUE,FALSE,,
ג,52,psalm 23,Franz Schubert,,תהילים,Moses Mendelssohn,גרמנית,SSAA,FALSE,Obligato,פסנתר,FALSE,FALSE,,
ג,53,plorate filii Israel,Giacomo Carissimi,,שופטים,,לטינית,SSAATB ,TRUE,Obligato,באסו קונטינואו,FALSE,FALSE,,
ד,1,נדודים - עיברית,Bela Bartok,,אנונימי,יוסף אחאי,עיברית,SSA,FALSE,None ,,TRUE,FALSE,,
ד,2,old black joe,Stephen Collins Foster,אנונימי,Stephen Collins Foster,עליזה וקסמן,עיברית,SSA,FALSE,None,,TRUE,FALSE,,
ד,3,רועה צעיר אני,אנונימי,פ. נוימאיר,אנונימי,יוסף אחאי,עיברית,SSA,FALSE,None,,TRUE,FALSE,,
ד,4,ספינה צפה,ס. פלמגרין,,,,,SSA,FALSE,,,,FALSE,,
ד,5,listen to the lambs,אנונימי,,אנונימי,,,SSA,FALSE,,,,FALSE,,
ד,6,שיר אהבה ברטוני,אנונימי,דניאל לזיר,אנונימי,יהודה שרת,עיברית,SSA,FALSE,None,,TRUE,FALSE,,
ד,7,soon i will be done,אנונימי,א. דניאל,אנונימי,,,SSA,FALSE,,,,FALSE,,
ד,8,הבטלן - עיברית,Bela Bartok,,אנונימי,אפרים דרור,עיברית,SSA,FALSE,None,,TRUE,FALSE,,
ד,9,סירה (סימפטית),Aulis Sallinen,,"Markus Sallinen, Taneli Sallinen",עדה ברודסקי,עיברית / פינית,SSAA,FALSE,None,,TRUE,FALSE,,
ד,10,טיול ביער,ה. סמרמה,,א. הלקוסקי / מ. שביט,,,SSA,FALSE,,,,FALSE,,
ד,11,סוסי הצחור,אנונימי ,ר. קלמל,אנונימי / מ.שביט,,,SSA,FALSE,,,,FALSE,,
ד,12,Horch was kommt von draussen rein,אנונימי,אנונימי,אנונימי,,גרמנית,SSA,FALSE,None,,TRUE,FALSE,,"שיר עם מחבל שווביה, אין פרטים על הגרסא."
ד,13,im Wald im hellen Sonnenschein,Ernst Lothar von Knorr,,Emanuel von Geibel,,גרמנית,SSA,FALSE,None,,TRUE,FALSE,,
ד,14,מחול שוודי,אנונימי,פ. אוברבק,אנונימי,,עיברית,SSA,FALSE,None,,TRUE,FALSE,,במקור שיר עם שוודי. אין למצוא את פ. אוברבק
ד,15,Hymn to freedom,Oscar Peterson,Seppo Hovi,Harriette Hamilton,,אנגלית,SSA,FALSE,Obligato,פסנתר,TRUE,FALSE,,
ד,16,בת הרוח אל תפוחי,Aulis Sallinen,,אנונימי,עדה ברודסקי,עיברית / פינית,SA,FALSE,None,,TRUE,FALSE,,
ד,17,אל נא תריעו לים,Aulis Sallinen,,אנונימי,עדה ברודסקי,עיברית / פינית,SSAA,FALSE,None,,TRUE,FALSE,,
ד,18,בלדה,Aulis Sallinen,,אנונימי,עדה ברודסקי,עיברית / פינית,SSA + solo,FALSE,None,,TRUE,FALSE,,
ד,19,michelle,"John Lennon, Paul McCartney",Harry Dexter,"John Lennon, Paul McCartney",,אנגלית,SSA,FALSE,None,,TRUE,FALSE,,
ד,20,nocturne,Evert Taube,Sigvald tveit,Evert Taube,,שוודית,SAB,TRUE,Obligato,פסנתר,TRUE,FALSE,,
ד,21,visa fran Utanmyra,אנונימי,Carl Bertil Agnestig,Olof von Dalin,,שוודית,SSA,FALSE,None,,TRUE,FALSE,,
ד,22,Burro Matti ,אנונימי,Akos Papp,אנונימי,,לאפית?,SSA,FALSE,None,,TRUE,FALSE,,המקור הוא יוייק (שירה עממית) מאזור לפלנד. העיבוד שמבצעת טפיולה
ד,23,,,,,,,,,,,,,,
ד,24,Da eine Burg uberm Tale,Gerd Ochs,,Joseph Freiherr von Eichendorff,,גרמנית,Unison,FALSE,Optional,כלי הרמוני,TRUE,FALSE,,
ד,25,Dana Dana,,,,,,,,,,,,,
ד,26,Every time I feel the spirit,אנונימי,ו. ל. דאוסון,אנונימי,,,SATB,TRUE,,,,,,
ד,27,Jimmie's got a goil ,Vincent Persichetti,,Edward Estlin Cummings,,אנגלית,SA / TB,TRUE,Obligato,פסנתר,TRUE,FALSE,,
ד,28,scarborough fair / canticle,"אנונימי, Paul Simon,  Art Garfunkel",שמעון סמית,"אנונימי, Art Garfunkel",,אנגלית,SAB,TRUE,None,,TRUE,FALSE,,"בגלל שהגרסא הזאת צמודה מאוד לסיימון וגרפנקל, אולי היא צריכה לעבור ל-ה, כי המקור שלה הוא לא עממי"
ד,29,joshua fit the battle of jericho,אנונימי,Pierre-Gerard Verny,אנונימי,,אנגלית,SATB,TRUE,None,,TRUE,FALSE,,
ד,30,Deep River,אנונימי,Harry Thacker Burleigh,אנונימי,,אנגלית,SATB,TRUE,Optional,פסנתר,TRUE,FALSE,,
ד,31,Resteknek Notaja,Bela Bartok,,אנונימי,,הונגרית,SSA,FALSE,None,,TRUE,FALSE,,
ד,32,Bolyongas,Bela Bartok,,אנונימי,,הונגרית,SSA,FALSE,None,,TRUE,FALSE,,
ד,33,Uj ezstendot,,,,,,,,,,FALSE,FALSE,,
ד,34,ti muchis tinda soo kama,אנונימי,אנונימי,אנונימי,,יוונית,SATB,TRUE,None,,TRUE,FALSE,,
ד,35,meelo moo kokkino,אנונימי,אנונימי,אנונימי,,יוונית,SATB,TRUE,None,,TRUE,FALSE,,מאזור מקדוניה
ד,36,Mera Mayoo,Mikis Theodorakis,,Yiannis Ritsos,,יוונית,SATB,TRUE,None,,TRUE,FALSE,,
ד,37,lemonaki,אנונימי,Eleftherios Floros,אנונימי,,יוונית,SATB,TRUE,None,,TRUE,FALSE,,
ד,38,Erini,אנונימי,Yiannis Konstantinidis,אנונימי,,יוונית,SATB,TRUE,None,,TRUE,FALSE,,
ד,39,aya marina,אנונימי ,Alkis Baltas,אנונימי,,יוונית,SATB,TRUE,None,,TRUE,FALSE,,שיר ערש מקפריסין
ד,40,Arnissi ,Mikis Theodorakis,,Giorgos Seferis,,יוונית,SATB,TRUE,None,,TRUE,FALSE,,
ד,41,צימוקים ושקדים,אברהם גולדפאדן,מ. יעקבסון,אברהם גולדפאדן,משה גורלי,יידיש / עיברית,SA,FALSE,None,,TRUE,FALSE,,התרגום העיברי לוקה בחסר
ד,42,avre tu,אנונימי,דפנה דורי,אנונימי,,לדינו,SSA,FALSE,None,,TRUE,FALSE,,
ד,43,Durme durme,אנונימי,גיל אלדמע,אנונימי,עמנואל כץ,לדינו,SATB,TRUE,None,,TRUE,FALSE,,
ד,44,שיר אביב ארמני,אנונימי,Edvard Mirzoyan,אנונימי,,ארמנית,SSAA,FALSE,None,,TRUE,FALSE,,
ד,45,קיליקיה,אנונימי,Yevand Yerkanyan,אנונימי,,ארמנית,SSAA,FALSE,None,,TRUE,FALSE,,
ד,46,nubar,אנונימי,Tatul Altunyan,אנונימי,,ארמנית,SSA,FALSE,None,,TRUE,FALSE,,
ד,47,mush,אנונימי,Stepan Shaqaryan,אנונימי,,ארמנית,SSAA,FALSE,Obligato,"פסנתר, צ'לו, משולש, תוף",TRUE,FALSE,,
ד,48,la moncha blanca,אנונימי,Christy Elsner,אנונימי,,ספרדית,SSA,FALSE,None,,TRUE,FALSE,,"שיר עם מגוואטמלה, על הפרח הלאומי הסחלב הלבן"
ד,49,lamma ba'ada,אנונימי,Shireen Abu-Khader,אנונימי,,ערבית,SATB,TRUE,None,,TRUE,FALSE,,
ד,50,הבה נגילה (י. חן),אנונימי,"דניאל פקטורי, יהודית חן",אנונימי,,עיברית,SSA,FALSE,None,,TRUE,FALSE,,"מבוסס על ניגון חסידי מאוקראינה, תחרות הלחנה ע""י אידלסון ותלמידי החזנות שלו גורם לחוסר בהירות מי אחראי על מה"
ד,51,Sona Yar,אנונימי,אנונימי,אנונימי,,ארמנית,SAA,FALSE,None,,TRUE,FALSE,,
ד,52,Duerme Negrito,Atahualpa Yupanqui ,Emilio Sole,אנונימי,,ספרדית,SSA + solo,FALSE,None,,TRUE,FALSE,,
ד,53,Romancero de Niños,Camilo Matta,,Antonio Esteban Agüero,,,SSA,FALSE,Optional,כלי הרמוני,TRUE,FALSE,,
ד,54,אלפונסינה והים,Ariel Ramírez,פנינה ענבר,Félix Luna,,ספרדית,SSA,FALSE,None,,TRUE ,FALSE,,
ה,1,viva la musica,Laura Shur,,,,איטלקית,SSA,FALSE,None,,TRUE ,FALSE,,
ה,2,Jaakobin pojat,Pekka Kostianen,,Pekka Kostianen,,אסטונית,SSSAA,FALSE,None,,TRUE ,FALSE,,
ה,3,the land of music,Ilkka Kuusisto,,Sheldon Harnick,,,SSAA(B),TRUE,None,,TRUE ,FALSE,,
ה,4,Wainamoinen makes music,Zoltan Kodaly,,"Kalevala, the land of heros (rune 64)",William Forsell Kirby,אנגלית,SSAA,FALSE,TRUE,פסנתר,TRUE ,FALSE,,
ה,5,a wise old owl lived in an oak,עודד בן עמי,,Edward Hersey Richards,,אנגלית,SAB,TRUE,None,,TRUE ,FALSE,,
ה,6,Frolich sein und singen,Horst Irrgang,,Horst Irrgang,,גרמנית,SSAA,FALSE,None,,TRUE ,FALSE,,
ה,7,Runaround Sue,"	Dion DiMucci, Ernie Maresca",שמעון סמית,"Dion DiMucci, Ernie Maresca",,אנגלית,SAB + solo,TRUE,None,,TRUE ,TRUE,,
ה,8,dream a little dream of me,Gus Kahn,Carsten Gerlitz,"Fabian Andre, Wilbur Schwandt",,אנגלית,SAB,TRUE,Optional,כלי הרמוני,TRUE ,FALSE,,
ה,9,Arbol de cancion,דינה סמורגונסקיה,,Federico García Lorca,,ספרדית,SSAB,TRUE,None,,TRUE ,FALSE,,
ה,10,La Guitarra,דינה סמורגונסקיה,,Federico García Lorca,,ספרדית,SSAB,TRUE,,,TRUE ,FALSE,,
ה,11,Fifty ways to leave your lover,Paul Simon,שמעון סמית,Paul Simon,,אנגלית,SAB + Solo,TRUE,Obligato,"חצוצרה, טרומבון",TRUE ,TRUE,,
ה,12,Paperback writer,"John Lenon, Paul McCartney",שמעון סמית,"John Lenon, Paul McCartney",,אגלית,SAB,TRUE,Optional,גיטרה בס,TRUE ,TRUE,,
ה,13,A child's journy,,,,,אנגלית,,,,,TRUE ,FALSE,,
ה,14,I feel pretty,Leonard Bernstein,Mac Huff,Stephen Sondheim,,אנגלית,SSA,FALSE,Obligato,פסנתר,TRUE ,FALSE,,
ה,15,the lions sleep tonight,,,,,אנגלית,SAB,TRUE,None,,TRUE ,FALSE,,
ה,16,singing in the rain,נ.ה. בראון,ק. מקקליש,א. פריד,,אנגלית,SAB,TRUE,None,,TRUE ,FALSE,,
ה,17,Adiemus,Karl Jenkins,,Karl Jenkins,,ללא,SSA,FALSE,Obligato,פסנתר,TRUE ,FALSE,,
ה,18,Amatea Dea,Karl Jenkins,,Karl Jenkins,,ללא,SSA,FALSE,Obligato,פסנתר,TRUE ,FALSE,,
ח,101,סדר הדלקת נרות,אנונימי,,סדר תפילה,,עיברית,Unison,FALSE,None,,FALSE,FALSE,,
ש,1,Give it up,,,,,אנגלית,Canon,FALSE,None,,FALSE,FALSE,,
ש,2,הללויה,William Boyce,,,,עיברית,Canon,FALSE,None,,FALSE,FALSE,,
ש,3,קליפסו - קנון,,,,,אנגלית,Canon,FALSE,None,,FALSE,FALSE,,
ש,4,מנגינה,,,,,עיברית,Unison,FALSE,None,,FALSE,FALSE,,